Title,Developer(s),Publisher(s),Release date
PAL,NTSC-J,NTSC,
187 Ride or Die,Ubisoft Paris,Ubisoft,"02005-08-26 August 26, 2005"
2002 FIFA World Cup,Template:Hlist,EA Sports WW Electronic Arts Square JP,"02002-04-26 April 26, 2002"
2006 FIFA World Cup,EA Canada,EA Sports,"02006-04-28 April 28, 2006"
25 to Life,Template:Hlist,Eidos Interactive,Unreleased
4x4 Evo 2,Terminal Reality,Gathering of Developers,"02002-06-05 June 05, 2002"
50 Cent: Bulletproof,Genuine Games,Vivendi Universal Games,"02005-11-25 November 25, 2005"
Advent Rising,GlyphX Games,Majesco Entertainment,"02006-02-17 February 17, 2006"
Template:Sort,Terminal Reality,Majesco Entertainment,"02006-03-30 March 30, 2006 AUS 02006-03-31 March 31, 2006 EU"
AFL Live 2003,IR Gurus,Acclaim Sports,"02002-09-05 September 05, 2002 AUS"
AFL Live 2004,IR Gurus,Acclaim Entertainment,"02003-08-28 August 28, 2003 AUS"
AFL Live Premiership Edition,IR Gurus,Acclaim Entertainment,"02004-04-29 April 29, 2004 AUS"
AFL Premiership,IR Gurus,THQ,"02005-09-22 September 22, 2005 AUS"
Aggressive Inline,Z-Axis,AKA Acclaim,"02002-08-23 August 23, 2002"
AirForce Delta Storm Deadly Skies (PAL) Airforce Delta II (JP),Konami Computer Entertainment Studios,Konami,"02002-04-12 April 12, 2002"
Alias,Acclaim Studios Cheltenham,Acclaim Entertainment,"02004-04-08 April 08, 2004"
Alien Hominid,The Behemoth,O~3 Entertainment,"02005-05-27 May 27, 2005"
Aliens Versus Predator: Extinction,Zono,Electronic Arts,"02003-08-08 August 08, 2003"
SCARÂ : Squadra Corse Alfa Romeo,Milestone srl,Black Bean Games,"02005-06-24 June 24, 2005"
All-Star Baseball 2003,Acclaim Studios Austin,Acclaim Sports,"02002-05-31 May 31, 2002"
All-Star Baseball 2004,Acclaim Studios Austin,Acclaim Sports,Unreleased
All-Star Baseball 2005,Acclaim Studios Austin,Acclaim Entertainment,Unreleased
Alter Echo,Outrage Entertainment,THQ,"02003-10-03 October 03, 2003"
America's Army: Rise of a Soldier,Secret Level,Ubisoft,"02006-02-24 February 24, 2006"
American Chopper,Creat Studios,Activision,"02006-03-17 March 17, 2006"
American Chopper 2: Full Throttle,Creat Studios,Activision,"02006-03-17 March 17, 2006"
AMF Bowling 2004,Mud Duck Productions,Bethesda Softworks,Unreleased
AMF Xtreme Bowling,Mud Duck Productions,Bethesda Softworks,Unreleased
Amped: Freestyle Snowboarding Tenku Freestyle Snowboarding (JP),Indie Built,Microsoft Game Studios,"02002-03-14 March 14, 2002"
Amped 2,Indie Built,Microsoft Game Studios,"02003-11-14 November 14, 2003"
AND 1 Streetball,Black Ops Entertainment,Ubisoft,"02006-06-29 June 29, 2006"
Angelic Concert (JP),Kogado Studio,Success,Unreleased
Animaniacs: The Great Edgar Hunt,Warthog Games,Ignition Entertainment,"02005-10-14 October 14, 2005"
Antz Extreme Racing,LSP,Empire Interactive,"02002-07-26 July 26, 2002"
Aoi Namida (JP),Artlim Media,Panther Software,Unreleased
APEX Racing Evoluzione (PAL),Milestone,Infogrames,"02003-02-28 February 28, 2003"
Aquaman: Battle for Atlantis,Lucky Chicken Games,TDK Mediactive,Unreleased
Arctic Thunder,Midway Games,Midway Games,"02002-03-22 March 22, 2002"
Area 51,Midway Studios Austin,Midway,"02005-05-27 May 27, 2005"
Arena Football,EA Tiburon,EA Sports,Unreleased
Armed and Dangerous,Planet Moon Studios,LucasArts,"02004-02-27 February 27, 2004"
Army Men: Major Malfunction,Global Star Software,3DO,"02006-08-04 August 04, 2006"
Army Men: Sarge's War,Global Star Software,3DO,"02004-07-23 July 23, 2004"
Arx Fatalis,Arkane Studios,JoWood Productions,"02004-02-13 February 13, 2004"
Atari Anthology,Digital Eclipse,Atari,"02004-11-11 November 11, 2004"
ATV Quad Power Racing 2,Climax Studios,AKA Acclaim,"02003-02-28 February 28, 2003"
Auto Modellista Auto Modellista U.S.-Tuned (JP),Capcom Production Studio 1,Capcom,"02003-11-26 November 26, 2003"
Avatar: The Last Airbender,TOSE,THQ,Unreleased
Azurik: Rise of Perathia,Adrenium Games,Microsoft Game Studios,"02002-05-17 May 17, 2002"
Backyard Wrestling: Don't Try This at Home,Paradox Development,Eidos Interactive,"02003-11-14 November 14, 2003"
Backyard Wrestling 2: There Goes the Neighborhood,Paradox Development,Eidos Interactive,"02004-11-19 November 19, 2004"
Bad Boys: Miami Takedown Bad Boys II (PAL),Blitz Games,Empire Interactive,"02004-02-25 February 25, 2004"
Baldur's Gate: Dark Alliance,Snowblind Studios,Interplay Entertainment,"02003-03-23 March 23, 2003"
Baldur's Gate: Dark Alliance II,Black Isle Studios,Interplay Entertainment,"02004-02-06 February 06, 2004"
Barbarian,Saffire,Titus Interactive,"02003-12-23 December 23, 2003"
Barbie Horse Adventures: Wild Horse Rescue,Blitz Games,Vivendi Universal Games,"02004-02-13 February 13, 2004"
Template:Sort,InXile Entertainment,Vivendi Universal Games,"02005-03-24 March 24, 2005"
The Baseball 2002: Battle Ball Park Sengen,Konami,Konami,Unreleased
Bass Pro Shops: Trophy Bass 2007,Big John Games,Vivendi Universal Games,Unreleased
Bass Pro Shops Trophy Hunter 2007,Jarhead Games,Vivendi Universal Games,Unreleased
Batman Begins,Eurocom,EA Games Warner Bros. Interactive Entertainment,"02005-06-17 June 17, 2005"
Batman: Dark Tomorrow,HotGen,Kemco,"02003-04-11 April 11, 2003"
Batman: Rise of Sin Tzu,Ubi Soft Montreal,Ubi Soft,"02003-11-14 November 14, 2003"
Batman: Vengeance,Ubi Soft Montreal,Ubi Soft,"02002-03-14 March 14, 2002"
Battle Engine Aquila,Lost Toys,Infogrames,"02003-02-07 February 07, 2003"
Battlefield 2: Modern Combat,Digital Illusions CE,Electronic Arts,"02005-11-18 November 18, 2005"
Battlestar Galactica,Warthog Games,Vivendi Universal Games,"02003-12-12 December 12, 2003"
Beat Down: Fists of Vengeance,Cavia,Capcom,"02005-11-02 November 02, 2005"
Beyond Good & Evil,Ubisoft Milan,Ubisoft,"02004-02-27 February 27, 2004"
Template:Sort,Crave Entertainment,Crave Entertainment,Unreleased
Bicycle Casino,Leaping Lizard,Activision Value,"02005-07-07 July 07, 2005"
Big Bumpin',Blitz Games,King Games,Unreleased
Big Mutha Truckers,Eutechnyx,THQ,"02002-12-29 December 29, 2002"
Big Mutha Truckers 2,Empire Interactive,THQ,"02005-06-24 June 24, 2005"
Bionicle,Argonaut Games,Electronic Arts Lego Interactive,"02003-10-17 October 17, 2003"
Bistro Cupid (JP),Success,Success,Unreleased
Bistro Cupid 2,Success,Success,Unreleased
Black,Criterion Games,Electronic Arts,"02006-02-24 February 24, 2006"
Black Stone: Magic & Steel Ex-Chaser (JP),XPEC Entertainment,Xicat Interactive,"02003-03-21 March 21, 2003"
Blade II,Mucky Foot Productions,Activision,"02002-09-27 September 27, 2002"
Blazing Angels: Squadrons of WWII,Ubisoft Bucharest,Ubisoft,"02006-03-31 March 31, 2006"
Blinx: The Time Sweeper,Artoon,Microsoft Game Studios,"02002-11-08 November 08, 2002"
Blinx 2: Masters of Time and Space Blinx 2: Battle of Time and Space (JP),Artoon,Microsoft Game Studios,"02004-12-03 December 03, 2004"
Blitz: The League,Midway Games,Midway Games,Unreleased
Blood Omen 2,Crystal Dynamics,Eidos Interactive,"02002-03-28 March 28, 2002"
Blood Wake,Stormfront Studios,Microsoft Game Studios,"02002-03-14 March 14, 2002"
BloodRayne,Terminal Reality,Majesco Entertainment,"02003-05-02 May 02, 2003"
BloodRayne 2,Terminal Reality,Majesco Entertainment,"02006-02-17 February 17, 2006"
Bloody Roar Extreme,Hudson Soft,Konami,"02003-07-17 July 17, 2003"
BlowOut,Terminal Reality,Majesco Entertainment,"02004-11-26 November 26, 2004"
BMX XXX,Z-Axis,AKA Acclaim,"02002-12-06 December 06, 2002"
Braveknight,Panther Software,Panther Software,Unreleased
Break Nine: World Billiards Tournament,ASK,ASK,Unreleased
Breakdown,Namco,Namco,"02004-06-18 June 18, 2004"
Breeders' Cup World Thoroughbred Championships,ZeniMax Media,Bethesda,Unreleased
Brian Lara International Cricket 2005 Ricky Ponting International Cricket 2005 (Australia),Codemasters,Codemasters,"02005-07-21 July 21, 2005"
Broken Sword: The Sleeping Dragon,Revolution Software,The Adventure Company,"02003-11-14 November 14, 2003"
Brothers in Arms: Earned in Blood,Gearbox Software,Ubisoft,"02005-10-06 October 06, 2005"
Brothers in Arms: Road to Hill 30,Gearbox Software,Ubisoft,"02005-03-18 March 18, 2005"
Bruce Lee: Quest of the Dragon,Ronin Entertainment,Vivendi Universal Games,"02002-09-06 September 06, 2002"
Brute Force,Digital Anvil,Microsoft Game Studios,"02003-06-20 June 20, 2003"
Buffy the Vampire Slayer,The Collective,Electronic Arts,"02002-09-13 September 13, 2002"
Buffy the Vampire Slayer: Chaos Bleeds,Eurocom,Vivendi Universal Games,"02003-10-24 October 24, 2003"
Burnout,Criterion Games,Acclaim Entertainment,"02002-05-03 May 03, 2002"
Burnout 2: Point of Impact,Criterion Games,Acclaim Entertainment,"02003-05-09 May 09, 2003"
Burnout 3: Takedown,Criterion Games,EA Games,"02004-09-10 September 10, 2004"
Burnout Revenge,Criterion Games,Electronic Arts,"02005-09-23 September 23, 2005"
C.A.T.: Cyber Attack Team,Hide,Hide,Unreleased
Cabela's Big Game Hunter 2005 Adventures,Fun Labs,Activision,"02005-10-13 October 13, 2005"
Cabela's Dangerous Hunts,Fun Labs,Activision,"02004-10-01 October 01, 2004"
Cabela's Dangerous Hunts 2,Fun Labs,Activision,"02006-03-01 March 01, 2006"
Cabela's Deer Hunt: 2004 Season,Fun Labs,Activision,Unreleased
Cabela's Deer Hunt: 2005 Season,Fun Labs,Activision,"02005-02-02 February 02, 2005"
Cabela's Outdoor Adventures,Fun Labs,Activision,"02006-03-17 March 17, 2006"
Call of Cthulhu: Dark Corners of the Earth,Headfirst Productions,Bethesda Softworks / 2K Games,"02005-10-28 October 28, 2005"
Call of Duty: Finest Hour,Spark Unlimited,Activision,"02004-12-02 December 02, 2004"
Call of Duty 2: Big Red One,Treyarch,Activision,"02005-11-18 November 18, 2005"
Call of Duty 3,"Treyarch , Pi Studios",Activision,"02006-11-10 November 10, 2006"
Capcom Classics Collection Vol. 1,Backbone Entertainment,Capcom,"02005-11-18 November 18, 2005"
Capcom Classics Collection Vol. 2,Backbone Entertainment,Capcom,Unreleased
Capcom Fighting Evolution Capcom Fighting Jam (PAL) (JP),Capcom Production Studio 2,Capcom,"02005-06-24 June 24, 2005"
Capcom vs. SNK 2 EO,Capcom Production Studio 1,Capcom,"02003-03-07 March 07, 2003"
Carmen Sandiego: The Secret of the Stolen Drums,A2M,BAM! Entertainment,"02004-03-05 March 05, 2004"
Cars,Rainbow Studios,THQ,"02006-07-13 July 13, 2006"
Carve,Argonaut Games,Global Star Software,"02004-12-31 December 31, 2004"
Castlevania: Curse of Darkness,Konami,Konami,"02006-02-17 February 17, 2006"
Catwoman,Template:Hlist,EA Games,"02004-08-06 August 06, 2004"
Cel Damage,Pseudo Interactive,EA Games,"02002-05-03 May 03, 2002"
Celebrity Deathmatch,Big Ape Productions,Gotham Games,"02003-10-31 October 31, 2003"
Championship Bowling,Black Market Games,Evolved Games,Unreleased
Championship Manager: Season 01/02,Sports Interactive,Eidos Interactive,"02002-04-14 April 14, 2002"
Championship Manager: Season 02/03,Sports Interactive,Eidos Interactive,"02002-12-06 December 06, 2002"
Championship Manager 2006,Gusto Games,Eidos Interactive,"02006-05-12 May 12, 2006"
Championship Manager 5,Gusto Games,Eidos Interactive,"02005-05-13 May 13, 2005"
Charlie and the Chocolate Factory,High Voltage Software,Global Star Software,"02005-05-25 May 25, 2005"
Chase: Hollywood Stunt Driver,I-Imagine,BAM! Entertainment,"02002-10-17 October 17, 2002"
Chessmaster,Ubisoft,Ubisoft,Unreleased
Chicago Enforcer,Touchdown,Kemco,Unreleased
Chicken Little,Avalanche Software,Buena Vista Games,"02006-02-10 February 10, 2006"
Template:Sort,Traveller's Tales,Buena Vista Games,"02006-03-31 March 31, 2006"
Template:Sort,"Starbreeze Studios , Tigon Studios",Vivendi Universal Games,"02004-08-13 August 13, 2004"
Circus Maximus: Chariot Wars,Kodiak Interactive,Encore,"02002-06-28 June 28, 2002"
Classified: The Sentinel Crisis,Torus Games,Global Star Software,"02005-04-29 April 29, 2005"
Close Combat: First to Fight,Destineer,2K Games,"02005-04-25 April 25, 2005"
Club Football,Codemasters,Codemasters,"02003-10-10 October 10, 2003"
Club Football 2005,Codemasters,Codemasters,"02004-10-15 October 15, 2004"
Codename: Kids Next Door - Operation: V.I.D.E.O.G.A.M.E.,High Voltage Software,Global Star Software,"02005-12-02 December 02, 2005"
Cold Fear,Darkworks,Ubisoft,"02005-03-04 March 04, 2005"
Cold War,Mindware Studios,DreamCatcher Games,"02005-10-28 October 28, 2005"
Colin McRae Rally 04,Codemasters,Codemasters,"02003-09-19 September 19, 2003"
Colin McRae Rally 2005,Codemasters,Codemasters,"02004-10-31 October 31, 2004"
Colin McRae Rally 3,Codemasters,Codemasters,"02002-10-25 October 25, 2002"
College Hoops 2K6,Visual Concepts,2K Sports,Unreleased
College Hoops 2K7,Visual Concepts,2K Sports,Unreleased
Combat Elite: WWII Paratroopers,BattleBorne Entertainment,SouthPeak Interactive,Unreleased
Combat: Task Force 121,Direct Action,Groove Games,"02005-11-30 November 30, 2005"
Commandos: Strike Force,Pyro Studios,Eidos Interactive,"02005-10-31 October 31, 2005"
Commandos 2: Men of Courage,Pyro Studios,Eidos Interactive,"02002-09-13 September 13, 2002"
Conan,Cauldron HQ,TDK Mediactive,"02004-04-08 April 08, 2004"
Conflict: Desert Storm,Pivotal Games,SCi,"02002-09-13 September 13, 2002"
Conflict: Desert Storm II: Back to Baghdad,Pivotal Games,SCi,"02003-09-19 September 19, 2003"
Conflict: Global Terror Conflict: Global Storm (PAL),Pivotal Games,SCi / 2K Games,"02005-09-30 September 30, 2005"
Conflict: Vietnam,Pivotal Games,Eidos Interactive,"02004-09-03 September 03, 2004"
Conker: Live & Reloaded,Rare,Microsoft Game Studios,"02005-06-24 June 24, 2005"
Conspiracy: Weapons of Mass Destruction,Kuju Entertainment,Oxygen Interactive,"02005-08-12 August 12, 2005"
Constantine,Bits Studios,THQ,"02005-03-04 March 04, 2005"
Corvette,Steel Monkeys,TDK Mediactive,Unreleased
Counter-Strike,Valve,Microsoft Game Studios,"02003-12-05 December 05, 2003"
Crash Bandicoot: The Wrath of Cortex,Traveller's Tales,Vivendi Universal Interactive Publishing,"02002-04-26 April 26, 2002"
Crash 'n' Burn,Climax,Eidos Interactive,"02004-12-03 December 03, 2004"
Crash Nitro Kart,Vicarious Visions,Vivendi Universal Games,"02003-11-28 November 28, 2003"
Crash Tag Team Racing,Radical Entertainment,Vivendi Universal Games,"02005-11-04 November 04, 2005"
Crash Twinsanity,Traveller's Tales,Vivendi Universal Games,"02004-10-08 October 08, 2004"
Crazy Taxi 3: High Roller,Hitmaker,Sega,"02002-09-20 September 20, 2002"
Cricket 2005,Template:Hlist,EA Sports,"02005-12-31 December 31, 2005"
Crime Life: Gang Wars,Hothouse Creations,Konami,"02005-09-30 September 30, 2005"
Crimson Sea,Koei,Koei,"02003-03-24 March 24, 2003"
Crimson Skies: High Road to Revenge,FASA Interactive,Microsoft Game Studios,"02003-10-31 October 31, 2003"
"Crouching Tiger, Hidden Dragon",Bergsala Lightweight,Ubisoft,"02003-11-28 November 28, 2003"
Crusty Demons,Fluent Entertainment,Deep Silver,Unreleased
CSI: Crime Scene Investigation,369 Interactive,Ubisoft,"02005-02-04 February 04, 2005"
Curious George,Monkey Bar Games,Namco,"02006-10-20 October 20, 2006"
Curse: The Eye of Isis,Asylum Entertainment,DreamCatcher Interactive,"02004-02-06 February 06, 2004"
Template:Sort,The Collective,2K Games,"02006-05-19 May 19, 2006"
Daemon Vector Template:Efn,XPEC Entertainment,XPEC Entertainment,Unreleased
Dai Senryaku VII: Modern Military Tactics,SystemSoft,Kemco,Unreleased
Dakar 2: The World's Ultimate Rally,Acclaim Studios Cheltenham,Acclaim Entertainment,"02003-06-06 June 06, 2003"
Dance Dance Revolution Ultramix Dancing Stage Unleashed (PAL),Konami,Konami,"02004-03-12 March 12, 2004"
Dance Dance Revolution Ultramix 2 Dancing Stage Unleashed 2 (PAL),Konami,Konami,"02005-05-13 May 13, 2005"
Dance Dance Revolution Ultramix 3 Dancing Stage Unleashed 3 (PAL),Konami,Konami,"02006-03-16 March 16, 2006"
Dance Dance Revolution Ultramix 4,Konami,Konami,Unreleased
Dance: UK,Broadsword Interactive,Bigben Interactive,"02004-07-02 July 02, 2004"
Dark Angel,,,
Dark Summit,Radical Entertainment,THQ,"02002-03-22 March 22, 2002"
Darkwatch,High Moon Studios,Capcom,"02005-10-06 October 06, 2005"
Dave Mirra Freestyle BMX 2,Z-Axis,Acclaim Max Sports,"02002-03-14 March 14, 2002"
David Beckham Soccer,Rage Software Limited,Rage Software Limited,"02002-06-07 June 07, 2002"
Dead Man's Hand,Human Head Studios,Atari,"02004-04-29 April 29, 2004"
Dead or Alive 3,Team Ninja,Tecmo,"02002-03-14 March 14, 2002"
Dead or Alive Ultimate,Team Ninja,Tecmo,"02005-02-18 February 18, 2005"
Dead or Alive Xtreme Beach Volleyball,Team Ninja,Tecmo,"02003-03-28 March 28, 2003"
Dead to Rights,Namco,Namco,"02003-02-21 February 21, 2003"
Dead to Rights II,Widescreen Games,Namco,"02005-10-28 October 28, 2005"
Deathrow,Southend Interactive,Ubi Soft,"02002-10-18 October 18, 2002"
Def Jam: Fight for NY,"AKI Corporation , EA Canada",EA Games,"02004-10-01 October 01, 2004"
Defender,7 Studios,Midway Games,"02003-03-14 March 14, 2003"
Delta Force: Black Hawk Down,"VU Games , Climax",NovaLogic,"02005-09-08 September 08, 2005"
Dennou Taisen: DroneZ,Zetha GameZ,Metro 3D,Unreleased
Destroy All Humans!,Pandemic Studios,THQ,"02005-06-24 June 24, 2005"
Destroy All Humans! 2,Pandemic Studios,THQ,"02006-10-20 October 20, 2006"
Deus Ex: Invisible War,Ion Storm,Eidos Interactive,"02003-03-05 March 05, 2003"
Die Hard: Vendetta,Bits Studios,Vivendi Universal Games,"02003-06-27 June 27, 2003"
Digimon Rumble Arena 2,Bandai,Bandai,"02004-10-15 October 15, 2004"
Digimon World 4 Digimon World X (JP),Bandai,Bandai,Unreleased
Dino Crisis 3,Capcom,Capcom,"02003-11-07 November 07, 2003"
Dinosaur Hunting,Scarab,Metro 3D,Unreleased
Dinotopia: The Sunstone Odyssey,Vicious Cycle,TDK Mediactive,"02004-04-16 April 16, 2004"
Disney's Extreme Skate Adventure,Toys for Bob,Activision,"02003-09-05 September 05, 2003"
Doom 3,"id Software , Vicarious Visions",Activision,"02005-04-08 April 08, 2005"
Doom 3: Resurrection of Evil,id Software,Activision,"02005-10-21 October 21, 2005"
Double-S.T.E.A.L. - The Second Clash,Bunkasha Publishing,Microsoft Game Studios,Unreleased
Dr. Muto,Midway Games,Midway Games,"02003-03-21 March 21, 2003"
Dr. Seuss' The Cat in the Hat,Magenta Software,Vivendi Universal Games,"02004-03-19 March 19, 2004"
Dragon Ball Z: Sagas,Avalanche Software,Atari,Unreleased
Dragon's Lair 3D: Return to the Lair,Dragonstone Software,Ubisoft,"02004-03-05 March 05, 2004"
Drake of the 99 Dragons,Idol FX,Majesco Entertainment,Unreleased
Dreamfall: The Longest Journey,Funcom,Aspyr Media,"02006-08-11 August 11, 2006"
Drihoo (JP),Highwaystar,Highwaystar,Unreleased
DRIV3R,Reflections Interactive,Atari,"02004-06-22 June 22, 2004"
Driver: Parallel Lines,Reflections Interactive,Atari,"02006-03-17 March 17, 2006"
Template:Sort,Ratbag,Ubisoft,"02004-10-15 October 15, 2004"
Dungeons & Dragons: Heroes,Atari Hunt Valley,Atari,"02003-10-31 October 31, 2003"
Dynasty Warriors 3,Omega Force,Koei,"02002-06-12 June 12, 2002"
Dynasty Warriors 4,Omega Force,Koei,"02003-11-14 November 14, 2003"
Dynasty Warriors 5,Omega Force,Koei,"02005-09-23 September 23, 2005"
"Ed, Edd n Eddy: The Mis-Edventures",Artificial Mind and Movement,Midway Games,Unreleased
Egg Mania: Eggstreme Madness,HotGen,Kemco,"02002-10-25 October 25, 2002"
Template:Sort,Bethesda Softworks,Bethesda Softworks,"02002-11-22 November 22, 2002"
Enclave,Starbreeze,Conspiracy Entertainment,"02002-07-19 July 19, 2002"
England International Football,Codemasters,Codemasters,"02004-04-30 April 30, 2004"
Enter the Matrix,Shiny Entertainment,Infogrames,"02003-05-15 May 15, 2003"
Eragon,Stormfront Studios,Vivendi Games,"02006-11-24 November 24, 2006"
ESPN College Hoops,Kush Games,Sega,Unreleased
ESPN College Hoops 2K5,Visual Concepts,Sega,Unreleased
ESPN International Winter Sports 2002 International Winter Sports (PAL),Konami,Konami,"02002-04-12 April 12, 2002"
ESPN Major League Baseball,Blue Shift,Sega,Unreleased
ESPN MLS ExtraTime 2002,Konami,Konami,Unreleased
ESPN NBA 2K5,Visual Concepts,Sega,"02005-01-28 January 28, 2005"
ESPN NBA 2Night 2002,Konami,Konami,Unreleased
ESPN NBA Basketball,Visual Concepts,Sega,"02003-11-28 November 28, 2003"
ESPN NFL 2K5,Visual Concepts,Sega,"02005-01-28 January 28, 2005"
ESPN NFL Football,Visual Concepts,Sega,"02003-11-28 November 28, 2003"
ESPN NFL PrimeTime 2002,Farsight Technologies,Konami,Unreleased
ESPN NHL 2K5,Kush Games,Sega,"02004-10-15 October 15, 2004"
ESPN NHL Hockey,Kush Games,Sega,"02003-11-28 November 28, 2003"
ESPN Winter X-Games Snowboarding 2002,Konami,Konami,"02002-06-07 June 07, 2002"
Evil Dead: A Fistful of Boomstick,VIS Entertainment,THQ,"02003-06-27 June 27, 2003"
Evil Dead: Regeneration,Cranky Pants Games,THQ,"02005-09-30 September 30, 2005"
ExaSkeleton,Kiki Co.,Kiki Co.,Unreleased
F1 2001,EA UK,EA Sports,Unreleased
F1 2002,Visual Science,EA Sports,"02002-04-05 April 05, 2002"
F1 Career Challenge,Visual Science,EA Sports,"02003-06-27 June 27, 2003"
Fable,Lionhead Studios,Microsoft Game Studios,"02004-10-08 October 08, 2004"
Fable: The Lost Chapters,Lionhead Studios,Microsoft Game Studios,"02005-10-21 October 21, 2005"
Template:Sort,Blitz Games,THQ,Unreleased
Fallout: Brotherhood of Steel,Interplay Entertainment,Interplay Entertainment,"02004-04-02 April 02, 2004"
Family Guy Video Game!,High Voltage Software,2K Games,"02006-11-03 November 03, 2006"
Fantastic 4,7 Studios,Activision,"02005-07-15 July 15, 2005"
Far Cry Instincts,Ubisoft Montreal,Ubisoft,"02005-09-30 September 30, 2005"
Far Cry Instincts: Evolution,Ubisoft Montreal,Ubisoft,"02006-03-30 March 30, 2006"
Fatal Frame Project Zero (PAL),Tecmo,Tecmo Microsoft Game Studios,"02003-05-02 May 02, 2003"
Fatal Frame II: Crimson Butterfly Project Zero II: Crimson Butterfly (PAL),Tecmo,Tecmo,"02005-02-04 February 04, 2005"
FIFA 06,EA Canada,EA Sports,"02005-09-30 September 30, 2005"
FIFA 07,EA Canada,EA Sports,"02006-09-25 September 25, 2006"
FIFA Football 2003,EA Canada,EA Sports,"02002-11-01 November 01, 2002"
FIFA Football 2004,EA Canada,EA Sports,"02003-10-24 October 24, 2003"
FIFA Football 2005,EA Canada,EA Sports,"02004-10-08 October 08, 2004"
FIFA Street,EA Canada,EA Sports BIG,"02005-03-11 March 11, 2005"
FIFA Street 2,EA Canada,EA Sports BIG,"02006-03-03 March 03, 2006"
Fight Club,Genuine Games,Vivendi Universal Games,"02004-12-10 December 10, 2004"
Fight Night 2004,"EA Canada , NuFX",EA Sports,"02004-04-30 April 30, 2004"
Fight Night Round 2,EA Chicago,EA Sports,"02005-03-18 March 18, 2005"
Fight Night: Round 3,EA Chicago,EA Sports,"02006-03-09 March 09, 2006"
FILA World Tour Tennis,Hokus Pokus,THQ,"02002-08-23 August 23, 2002"
Final Fight: Streetwise,Secret Level,Capcom,"02006-04-07 April 07, 2006"
Finding Nemo,Traveller's Tales,THQ,"02003-09-26 September 26, 2003"
Fire Blade,Kuju Entertainment,Midway Games,"02003-02-28 February 28, 2003"
FlatOut,Bugbear Entertainment,Empire Interactive,"02004-11-05 November 05, 2004"
FlatOut 2,Bugbear Entertainment,Empire Interactive,"02006-07-30 July 30, 2006"
Flight Academy,Aquasystem,Aquasystem,Unreleased
Ford Bold Moves Street Racing Ford Street Racing (PAL),Razorworks,"Eidos Interactive , Empire Interactive","02006-02-24 February 24, 2006"
Ford Mustang: The Legend Lives,Eutechnyx,2K Games,"02005-07-15 July 15, 2005"
Ford Racing 2,Razorworks,Take-Two Interactive,"02003-10-31 October 31, 2003"
Ford Racing 3,Razorworks,2K Games,"02005-01-14 January 14, 2005"
Ford vs. Chevy,2K Games,Global Star Software,Unreleased
Forgotten Realms: Demon Stone,"Stormfront Studios , Zono",Atari,"02005-02-11 February 11, 2005"
Forza Motorsport,Microsoft Game Studios,Microsoft Game Studios,"02005-05-13 May 13, 2005"
Freaky Flyers,Midway Games,Midway Games,"02003-10-10 October 10, 2003"
Freedom Fighters,IO Interactive,EA Games,"02003-09-26 September 26, 2003"
Freestyle MetalX,Midway Games,Midway Games,"02003-09-19 September 19, 2003"
Freestyle Street Soccer Urban Freestyle Soccer PAL,Gusto Games,Acclaim Entertainment,"02004-02-13 February 13, 2004"
Frogger Beyond,Konami,Konami,Unreleased
Frogger: Ancient Shadow,Hudson Soft,Konami,Unreleased
Full Spectrum Warrior,Pandemic Studios,THQ,"02004-06-25 June 25, 2004"
Full Spectrum Warrior: Ten Hammers,Pandemic Studios,THQ,"02006-06-23 June 23, 2006"
Furious Karting,Babylon Software,Infogrames,"02003-01-24 January 24, 2003"
Futurama,Unique Development Studios,SCi Games Vivendi Universal Games,"02003-08-01 August 01, 2003"
Future Tactics: The Uprising,Zed Two,JoWooD Productions Crave Entertainment,"02004-10-22 October 22, 2004"
Fuzion Frenzy,Blitz Games,Microsoft Game Studios,"02002-03-14 March 14, 2002"
Galaxy Angel,Broccoli,Broccoli,Unreleased
Galleon,Confounding Factor,SCi,"02004-06-11 June 11, 2004"
Gauntlet Dark Legacy,Midway Games,Midway Games,"02002-06-28 June 28, 2002"
Gauntlet: Seven Sorrows,Midway Games,Midway Games,"02005-03-26 March 26, 2005"
Gene Troopers,Cauldron,"Akella , Playlogic Entertainment , PlayLogic International","02005-11-09 November 09, 2005"
Genma Onimusha,Capcom,Capcom,"02002-03-22 March 22, 2002"
Ghost Master: The Gravenville Chronicles,Empire Interactive,Empire Interactive,"02004-08-27 August 27, 2004"
Gladiator: Sword of Vengeance,Acclaim Studios Manchester,Acclaim Entertainment,"02003-07-30 July 30, 2003"
Gladius,LucasArts,LucasArts,"02003-11-28 November 28, 2003"
Goblin Commander: Unleash the Horde,Jaleco Entertainment,Jaleco Entertainment,"02003-03-19 March 19, 2003"
Template:Sort,Electronic Arts,Electronic Arts,"02006-03-24 March 24, 2006"
Godzilla: Destroy All Monsters Melee,Pipeworks Software,Infogrames,"02003-05-08 May 08, 2003"
Godzilla: Save the Earth,Pipeworks Software,Atari,"02004-12-10 December 10, 2004"
GoldenEye: Rogue Agent,EA Los Angeles,EA Games,"02004-11-26 November 26, 2004"
Gotcha!,Sixteen Tons Entertainment,Global Star Software,"02005-04-15 April 15, 2005"
Grabbed by the Ghoulies,Rare,Microsoft Game Studios,"02003-11-21 November 21, 2003"
Grand Theft Auto III,Template:Hlist,Rockstar Games,"02004-01-02 January 02, 2004"
Grand Theft Auto: San Andreas,Rockstar North,Rockstar Games,"02005-06-10 June 10, 2005"
Grand Theft Auto: Vice City,Template:Hlist,Rockstar Games,"02004-01-02 January 02, 2004"
Gravity Games Bike: Street. Vert. Dirt.,Midway Games,Midway Games,"02002-09-27 September 27, 2002"
Template:Sort,Pivotal Games,Gotham Games,"02003-08-29 August 29, 2003"
Greg Hastings Tournament Paintball,WXP,Activision,"02005-03-25 March 25, 2005"
Greg Hastings' Tournament Paintball Max'd,WXP,Activision,"02005-12-20 December 20, 2005"
Grooverider: Slot Car Thunder,King of the Jungle,Encore,Unreleased
Group S Challenge,Capcom,Capcom,"02003-09-26 September 26, 2003"
Guilty Gear Isuka [NA ],Sammy,Sammy,Unreleased
Guilty Gear X2#Reload [NA ],Sammy,Sammy,"02004-11-26 November 26, 2004"
Gun,Neversoft,Activision,"02005-11-11 November 11, 2005"
Gun Metal,Rage Software,Majesco Entertainment,"02002-06-30 June 30, 2002"
GunGriffon: Allied Strike,Game Arts,Tecmo,"02005-04-08 April 08, 2005"
Gunvalkyrie,Smilebit,Sega,"02002-05-17 May 17, 2002"
Template:Sort,Topheavy Studios,Gathering of Developers,Unreleased
Half-Life 2,Valve,Valve,"02005-11-17 November 17, 2005"
Halo: Combat Evolved,Bungie,Microsoft Game Studios,"02002-03-14 March 14, 2002"
Halo 2,Bungie,Microsoft Game Studios,"02004-11-09 November 09, 2004"
Halo 2 Multiplayer Map Pack,Bungie,Microsoft Game Studios,"02005-07-08 July 08, 2005"
Harry Potter and the Chamber of Secrets,Eurocom,EA Games,"02002-11-15 November 15, 2002"
Harry Potter and the Goblet of Fire,EA UK,Electronic Arts,"02005-11-11 November 11, 2005"
Harry Potter and the Prisoner of Azkaban,EA UK,EA Games,"02004-05-29 May 29, 2004"
Harry Potter and the Sorcerer's Stone Harry Potter and the Philosopher's Stone (PAL),Warthog Games,EA Games,"02003-12-12 December 12, 2003"
Harry Potter: Quidditch World Cup,EA UK,EA Games,"02003-11-07 November 07, 2003"
Template:Sort,High Voltage Software,TDK Mediactive,"02003-03-05 March 05, 2003"
Headhunter Redemption,Amuze,Sega,"02003-10-31 October 31, 2003"
Hello Kitty: Roller Rescue Hello Kitty: Mission Rescue (AS),XPEC Entertainment,Namco,"02005-09-09 September 09, 2005"
Heroes of the Pacific,IR Gurus,"Codemasters , Ubisoft","02005-09-23 September 23, 2005"
High Heat Major League Baseball 2004,3DO,3DO,Unreleased
High Rollers Casino,Cinemaware,Mud Duck Productions,Unreleased
Hitman: Blood Money,IO Interactive,Eidos Interactive,"02006-05-26 May 26, 2006"
Hitman: Contracts,IO Interactive,Eidos Interactive,"02004-04-30 April 30, 2004"
Hitman 2: Silent Assassin,IO Interactive,Eidos Interactive,"02002-10-04 October 04, 2002"
Template:Sort,Inevitable Entertainment,Vivendi Universal Games,"02003-11-28 November 28, 2003"
Hot Wheels: Stunt Track Challenge,Climax,THQ,"02004-11-26 November 26, 2004"
The House of the Dead III,Wow Entertainment,Sega,"02003-03-14 March 14, 2003"
Hulk,Radical Entertainment,Vivendi Universal Games,"02003-06-13 June 13, 2003"
Hummer Badlands,Eutechnyx,2K Games,Unreleased
Hunter: The Reckoning,High Voltage Software,Interplay Entertainment,"02002-07-05 July 05, 2002"
Hunter: The Reckoning: Redeemer,High Voltage Software,Vivendi Universal Games,"02003-11-21 November 21, 2003"
The Hustle: Detroit Streets,Blade Interactive,Activision Value,Unreleased
I-Ninja,Argonaut Games,Namco,Unreleased
Ice Age 2: The Meltdown,Eurocom,Vivendi Universal Games,"02006-03-31 March 31, 2006"
IHRA Drag Racing 2004,Bethesda Softworks,Bethesda Softworks,Unreleased
IHRA Drag Racing: Sportsman Edition,Bethesda Softworks,Bethesda Softworks,Unreleased
IHRA Professional Drag Racing 2005,Bethesda Softworks,Bethesda Softworks,Unreleased
Innocent Tears,Global A Entertainment,Kobi,Unreleased
Template:Sort,Radical Entertainment,Vivendi Universal Games,"02005-09-09 September 09, 2005"
Template:Sort,Heavy Iron Studios,THQ,"02004-11-05 November 05, 2004"
Template:Sort,Heavy Iron Studios,THQ,"02005-11-11 November 11, 2005"
Indiana Jones and the Emperor's Tomb,The Collective,LucasArts,"02003-03-28 March 28, 2003"
Indigo Prophecy Fahrenheit (PAL),Quantic Dream,Atari,"02005-09-16 September 16, 2005"
IndyCar Series,Codemasters,Codemasters,"02003-06-20 June 20, 2003"
IndyCar Series 2005,Codemasters,Codemasters,"02004-06-25 June 25, 2004"
Inside Pitch 2003,Microsoft Game Studios,Microsoft Game Studios,Unreleased
Template:Sort,Climax Group,Eidos Interactive,"02003-09-12 September 12, 2003"
Intellivision Lives!,Realtime Associates,Crave Entertainment,Unreleased
International Superstar Soccer 2,KCEO,Konami,"02002-05-03 May 03, 2002"
Iron Phoenix,InterServ International,Sega,"02004-10-19 October 19, 2004"
Jacked,Sproing,Empire Interactive,"02006-02-10 February 10, 2006"
Jade Empire,BioWare,Microsoft Game Studios,"02005-04-22 April 22, 2005"
James Bond 007: Agent Under Fire,Template:Hlist,EA Games,"02002-06-14 June 14, 2002"
James Bond 007: Everything or Nothing,Template:Hlist,EA Games,"02004-02-26 February 26, 2004"
James Bond 007: From Russia with Love,EA Redwood Shores,Electronic Arts,"02005-11-17 November 17, 2005"
James Bond 007: Nightfire,Eurocom,EA Games,"02003-11-29 November 29, 2003"
James Cameron's Dark Angel,Radical Entertainment,Vivendi Universal Games,"02002-11-19 November 19, 2002"
Jaws Unleashed,Appaloosa Interactive,Majesco Entertainment,"02006-10-20 October 20, 2006"
Jet Set Radio Future,Smilebit,Sega,"02002-03-14 March 14, 2002"
Jikkyou World Soccer 2002,Konami,Konami,Unreleased
Jockey's Road,Progress Software,Microsoft Game Studios,Unreleased
Judge Dredd: Dredd Vs. Death,Rebellion Developments,Evolved Games,"02003-10-17 October 17, 2003"
Juiced,Juice Games,THQ,"02005-06-17 June 17, 2005"
Jurassic Park: Operation Genesis,Blue Tongue,Vivendi Universal Games Konami,"02003-03-28 March 28, 2003"
Just Cause,Avalanche Studios,Eidos Interactive,"02006-09-22 September 22, 2006"
Justice League Heroes,Snowblind Studios,Eidos Interactive,"02006-10-06 October 06, 2006"
Kabuki Warriors Zan Kabuki (JP),Bergsala Lightweight,Crave Entertainment,Unreleased
Kakuto Chojin,Dream Publishing,Microsoft Game Studios,"02003-01-07 January 07, 2003"
Kao the Kangaroo: Round 2,Tate Interactive,JoWooD Productions,"02005-04-15 April 15, 2005"
Karaoke Revolution,Harmonix Music,Konami,Unreleased
Karaoke Revolution Party,Harmonix Music,Konami,Unreleased
Kelly Slater's Pro Surfer,Treyarch,Activision,"02002-10-18 October 18, 2002"
Kikou Heidan J-Phoenix +,Takara,Takara,Unreleased
Kill Switch,Namco,Namco,"02004-02-02 February 02, 2004"
King Arthur,Krome Studios,Konami,"02005-02-11 February 11, 2005"
Kingdom Under Fire: Heroes,"Blueside , Phantagram",Microsoft Game Studios,"02005-10-07 October 07, 2005"
Kingdom Under Fire: The Crusaders,Phantagram,Microsoft Game Studios,"02004-10-29 October 29, 2004"
Template:Sort,Eolith,Eolith,"02005-03-24 March 24, 2005"
Template:Sort,Eolith,Eolith,Unreleased
Template:Sort,SNK Playmore,SNK Playmore,Unreleased
Template:Sort,SNK Playmore,SNK Playmore,Unreleased
Knight's Apprentice: Memorick's Adventures,Microids,XS Games,"02004-06-15 June 15, 2004"
Knights of the Temple: Infernal Crusade,Starbreeze Studios,TDK Mediactive,"02004-04-08 April 08, 2004"
Knights of the Temple II,Cauldron,"Playlogic Entertainment , TDK Mediactive","02005-11-24 November 24, 2005"
Knockout Kings 2002,Black Ops Entertainment,EA Sports,"02002-05-03 May 03, 2002"
Kung Fu Chaos,Just Add Monsters,Microsoft Game Studios,"02003-04-11 April 11, 2003"
L.A. Rush,Midway Games,Midway Games,"02005-10-21 October 21, 2005"
Land of the Dead: Road to Fiddler's Green,Brainbox Games,Groove Games,Unreleased
Largo Winch: Empire Under Threat,Dupuis,Ubi Soft,"02002-09-19 September 19, 2002"
Legacy of Kain: Defiance,Crystal Dynamics,Eidos Interactive,"02003-11-18 November 18, 2003"
Template:Sort,Krome Studios,Vivendi Games,"02006-10-27 October 27, 2006"
Legends of Wrestling,Acclaim Studios Salt Lake City,Acclaim Entertainment,"02002-06-07 June 07, 2002"
Legends of Wrestling II,Acclaim Studios Salt Lake City,Acclaim Entertainment,"02003-02-07 February 07, 2003"
Lego Star Wars: The Video Game,Traveller's Tales,Eidos Interactive Giant Interactive Entertainment,"02005-04-22 April 22, 2005"
Lego Star Wars II: The Original Trilogy,Traveller's Tales,LucasArts,"02006-09-12 September 12, 2006"
Leisure Suit Larry: Magna Cum Laude,High Voltage Software,Vivendi Universal Games,"02004-11-05 November 05, 2004"
Lemony Snicket's A Series of Unfortunate Events,Adrenium Games,Activision,"02004-11-26 November 26, 2004"
Links 2004,Indie Built,Microsoft Game Studios,"02003-11-28 November 28, 2003"
LMA Manager 2003,Codemasters,Codemasters,"02002-11-15 November 15, 2002"
LMA Manager 2004,Codemasters,Codemasters,"02004-03-12 March 12, 2004"
LMA Manager 2005,Codemasters,Codemasters,"02004-10-31 October 31, 2004"
LMA Manager 2006,Codemasters,Codemasters,"02005-11-18 November 18, 2005"
Loons: The Fight for Fame,Warthog Games,Infogrames,"02002-09-27 September 27, 2002"
Template:Sort,The Whole Experience,Vivendi Universal Games,"02002-11-08 November 08, 2002"
Template:Sort,Template:Hlist,EA Games,"02003-11-14 November 14, 2003"
Template:Sort,EA Redwood Shores,EA Games,"02004-11-05 November 05, 2004"
Template:Sort,Stormfront Studios,EA Games,"02003-03-14 March 14, 2003"
Lotus Challenge,Kuju Entertainment,Ignition Entertainment,"02003-02-12 February 12, 2003"
Mace Griffin: Bounty Hunter,Warthog Games,Vivendi Universal Games,"02003-09-26 September 26, 2003"
Mad Dash Racing,Crystal Dynamics,Eidos Interactive,"02002-03-14 March 14, 2002"
Madagascar,Toys for Bob,Activision,"02005-06-30 June 30, 2005"
Madden NFL 06,EA Tiburon,EA Sports,"02005-09-16 September 16, 2005"
Madden NFL 07,EA Tiburon,EA Sports,"02006-08-25 August 25, 2006"
Madden NFL 08,EA Tiburon,EA Sports,Unreleased
Madden NFL 09,EA Tiburon,EA Sports,Unreleased
Madden NFL 2002,EA Tiburon,EA Sports,Unreleased
Madden NFL 2003,EA Tiburon,EA Sports,"02002-09-27 September 27, 2002"
Madden NFL 2004,EA Tiburon,EA Sports,"02003-09-12 September 12, 2003"
Madden NFL 2005,EA Tiburon,EA Sports,"02004-09-17 September 17, 2004"
Mafia,Illusion Softworks,Gathering of Developers,"02004-04-08 April 08, 2004"
Magatama,Microsoft Game Studios Japan,Microsoft Game Studios,Unreleased
Magic the Gathering: Battlegrounds,Secret Level,Atari,"02003-11-21 November 21, 2003"
Magi Death Fight: Mahou Gakuen,Takuyo,Takuyo,Unreleased
Major League Baseball 2K5,Kush Games,2K Games,Unreleased
Major League Baseball 2K5: World Series Edition,Kush Games,2K Games,Unreleased
Major League Baseball 2K6,Kush Games,2K Games,Unreleased
Major League Baseball 2K7,Kush Games,2K Games,Unreleased
Malice,Argonaut Games,Mud Duck Productions,"02004-08-06 August 06, 2004"
Manchester United Manager 2005,Codemasters,Codemasters,"02004-10-22 October 22, 2004"
Manhunt,Rockstar North,Rockstar Games,"02004-04-23 April 23, 2004"
Marc Ecko's Getting Up: Contents Under Pressure,The Collective,Atari,"02006-02-24 February 24, 2006"
Marvel: Ultimate Alliance,Raven Software,Activision,"02006-10-27 October 27, 2006"
Marvel Nemesis: Rise of the Imperfects,Nihilistic Software,Electronic Arts,"02005-10-14 October 14, 2005"
Marvel vs. Capcom 2,Capcom,Capcom,"02002-11-29 November 29, 2002"
Mashed: Drive to Survive,Supersonic Software,Empire Interactive,"02004-06-18 June 18, 2004"
Mashed: Fully Loaded,Supersonic Software,Empire Interactive,"02005-03-24 March 24, 2005"
Mat Hoffman's Pro BMX 2,Rainbow Studios,Activision O2,"02002-10-04 October 04, 2002"
Template:Sort,Shiny Entertainment,Atari,"02005-11-11 November 11, 2005"
Max Payne,Template:Hlist,Rockstar Games,"02002-03-14 March 14, 2002"
Max Payne 2: The Fall of Max Payne,Template:Hlist,Rockstar Games,"02003-12-05 December 05, 2003"
Maximum Chase,Genki,"Majesco Entertainment , Microsoft Game Studios",Unreleased
MechAssault,Day 1 Studios,Microsoft Game Studios,"02002-11-22 November 22, 2002"
MechAssault 2: Lone Wolf,Day 1 Studios,Microsoft Game Studios,"02005-01-01 January 01, 2005"
Medal of Honor: European Assault,EA Los Angeles,EA Games,"02005-06-17 June 17, 2005"
Medal of Honor: Frontline,EA Los Angeles,EA Games,"02002-12-06 December 06, 2002"
Medal of Honor: Rising Sun,EA Los Angeles,EA Games,"02003-11-28 November 28, 2003"
Mega Man Anniversary Collection,Atomic Planet Entertainment,Capcom,Unreleased
Melbourne Cup Challenge Frankie Dettori Racing (EUR),Sidhe Interactive,Home Entertainment Providers,"02006-12-08 December 08, 2006"
Men of Valor,2015,Vivendi Universal Games,"02004-11-05 November 05, 2004"
Mercenaries: Playground of Destruction,Pandemic Studios,LucasArts,"02005-02-18 February 18, 2005"
Metal Arms: Glitch in the System,Swingin' Ape Studios,Vivendi Universal Games,"02003-12-05 December 05, 2003"
Metal Dungeon,Panther Software,Xicat Interactive,"02002-12-15 December 15, 2002"
Metal Gear Solid 2: Substance,Konami,Konami,"02003-03-07 March 07, 2003"
Metal Slug 3,SNK Playmore,SNK Playmore,"02004-11-12 November 12, 2004"
Metal Slug 4,Mega Enterprise,SNK Playmore,"02005-10-14 October 14, 2005"
Metal Slug 5,SNK Playmore,SNK Playmore,"02006-03-10 March 10, 2006"
Metal Wolf Chaos,FromSoftware,FromSoftware,Unreleased
Miami Vice,Davilex Games,Davilex Games,"02004-12-17 December 17, 2004"
Micro Machines,Infogrames Sheffield House,Infogrames,"02002-11-08 November 08, 2002"
Midnight Club II,Rockstar San Diego,Rockstar Games,"02003-06-30 June 30, 2003"
Midnight Club 3: DUB Edition,Rockstar San Diego,Rockstar Games,"02004-12-10 December 10, 2004"
Midnight Club 3: DUB Edition Remix,Rockstar San Diego,Rockstar Games,"02006-03-17 March 17, 2006"
Midtown Madness 3,Digital Illusions CE,Microsoft Game Studios,"02003-06-27 June 27, 2003"
Midway Arcade Treasures,Digital Eclipse Software,Midway Games,"02004-02-06 February 06, 2004"
Midway Arcade Treasures 2,Digital Eclipse Software,Midway Games,"02004-10-29 October 29, 2004"
Midway Arcade Treasures 3,Midway Games,Midway Games,"02005-10-14 October 14, 2005"
Mike Tyson Heavyweight Boxing,Atomic Planet,Codemasters,"02002-07-05 July 05, 2002"
Minority Report: Everybody Runs,Treyarch,Activision,"02002-11-06 November 06, 2002"
Mission Impossible: Operation Surma,Paradigm Entertainment,Atari,"02003-12-05 December 05, 2003"
MLB Slugfest 2003,Midway Games,Midway Games,Unreleased
MLB Slugfest 2004,Midway Games,Midway Games,Unreleased
MLB Slugfest 2006,Midway Games,Midway Games,Unreleased
MLB Slugfest: Loaded,Midway Games,Midway Games,Unreleased
Mojo!,Farsight Technologies,Crave Entertainment,"02004-03-26 March 26, 2004"
Monopoly Party,Runecraft,Infogrames,"02002-11-29 November 29, 2002"
Monster 4x4: World Circuit,Ubisoft,Ubisoft,Unreleased
Monster Garage,Impulse Games,Activision,Unreleased
Mortal Kombat: Armageddon,Midway Games,Midway Games,Unreleased
Mortal Kombat: Deadly Alliance,Midway Games,Midway Games,"02003-02-14 February 14, 2003"
Mortal Kombat: Deception,Midway Games,Midway Games,"02004-11-19 November 19, 2004"
Mortal Kombat: Shaolin Monks,Midway L.A.,Midway Games,"02005-09-30 September 30, 2005"
Motocross Mania 3,Deibus Studios,"2K Games , Global Star Software","02005-04-22 April 22, 2005"
MotoGP,Climax Studios,THQ,"02002-05-24 May 24, 2002"
MotoGP 2 MotoGP URT 2 Online Challenge (JP),Climax Studios,THQ,"02003-05-29 May 29, 2003"
MotoGP 3,Climax Studios,THQ,"02005-09-09 September 09, 2005"
MTV Music Generator 3: This is the Remix,Mixmax,Codemasters,"02004-06-24 June 24, 2004"
MTX: Mototrax,Left Field Productions,Activision,"02004-03-26 March 26, 2004"
Murakumo: Renegade Mech Pursuit,FromSoftware,"FromSoftware , Ubi Soft",Unreleased
Muzzle Flash,Beyond Interactive,Victor Interactive Software,Unreleased
MVP 06: NCAA Baseball,EA Canada,EA Sports,Unreleased
MVP Baseball 2003,EA Canada,EA Sports,Unreleased
MVP Baseball 2004,EA Canada,EA Sports,Unreleased
MVP Baseball 2005,EA Canada,EA Sports,Unreleased
MX 2002 featuring Ricky Carmichael,Pacific Coast Power & Light,THQ,"02002-04-26 April 26, 2002"
MX Superfly,Pacific Coast Power & Light,THQ,"02003-03-21 March 21, 2003"
MX Unleashed,Rainbow Studios,THQ,"02004-03-26 March 26, 2004"
MX vs. ATV Unleashed,Rainbow Studios,THQ,"02005-06-24 June 24, 2005"
MX World Tour Featuring Jamie Little,Impulse Games,Crave Entertainment,Unreleased
Myst III: Exile,Presto Studios,Ubi Soft,"02002-10-04 October 04, 2002"
Myst IV: Revelation,Ubisoft Montreal,Ubisoft,Unreleased
N.U.D.E.@ Natural Ultimate Digital Experiment,RED Entertainment,Microsoft Game Studios,Unreleased
Nakajima Tetsuya no Othello Seminar,Success,Success,Unreleased
Namco Museum,Mass Media Inc.,Namco,Unreleased
Namco Museum 50th Anniversary,Namco,Namco,"02005-11-11 November 11, 2005"
Narc,Point of View,Midway Games,"02005-05-20 May 20, 2005"
NASCAR 06: Total Team Control,EA Tiburon,EA Sports,"02005-10-21 October 21, 2005"
NASCAR 07,EA Tiburon,EA Sports,Unreleased
NASCAR 2005: Chase for the Cup,EA Tiburon,EA Sports,Unreleased
NASCAR Heat 2002,Monster Games,Infogrames,Unreleased
NASCAR Thunder 2002,EA Tiburon,EA Sports,Unreleased
NASCAR Thunder 2003,EA Sports,EA Sports,Unreleased
NASCAR Thunder 2004,EA Tiburon,EA Sports,Unreleased
NBA 2K2,Visual Concepts,Sega,Unreleased
NBA 2K3,Visual Concepts,Sega,"02002-12-20 December 20, 2002"
NBA 2K6,Visual Concepts,2K Sports,"02006-03-10 March 10, 2006"
NBA 2K7,"Visual Concepts , Kush Games",2K Sports,"02006-11-03 November 03, 2006"
NBA Ballers,Midway Games,Midway Games,Unreleased
NBA Ballers: Phenom,Midway Games,Midway Games,Unreleased
NBA Inside Drive 2002,High Voltage Software,Microsoft Game Studios,"02002-05-15 May 15, 2002"
NBA Inside Drive 2003,High Voltage Software,Microsoft Game Studios,"02002-12-06 December 06, 2002"
NBA Inside Drive 2004,High Voltage Software,Microsoft Game Studios,"02003-11-28 November 28, 2003"
NBA Jam,Acclaim Studios Austin,Acclaim Entertainment,"02003-11-13 November 13, 2003"
NBA Live 06,EA Canada,EA Sports,"02005-10-28 October 28, 2005"
NBA Live 07,EA Canada,EA Sports,"02006-10-06 October 06, 2006"
NBA Live 2002,EA Canada,EA Sports,"02002-03-14 March 14, 2002"
NBA Live 2003,EA Canada,EA Sports,"02003-02-07 February 07, 2003"
NBA Live 2004,EA Canada,EA Sports,"02003-10-23 October 23, 2003"
NBA Live 2005,EA Canada,EA Sports,"02004-09-29 September 29, 2004"
NBA Starting Five,Konami,Konami,Unreleased
NBA Street V3,EA Canada,EA Sports BIG,"02005-02-18 February 18, 2005"
NBA Street Vol. 2,"EA Canada , NuFX",EA Sports BIG,"02003-05-02 May 02, 2003"
NCAA College Basketball 2K3,"Kush Games , Visual Concepts",Sega,Unreleased
NCAA College Football 2K3,Avalanche Software,Sega,Unreleased
NCAA Football 06,EA Tiburon,EA Sports,Unreleased
NCAA Football 07,EA Tiburon,EA Sports,Unreleased
NCAA Football 08,EA Tiburon,EA Sports,Unreleased
NCAA Football 2003,EA Tiburon,EA Sports,Unreleased
NCAA Football 2004,EA Tiburon,EA Sports,Unreleased
NCAA Football 2005,EA Tiburon,EA Sports,Unreleased
NCAA March Madness 06,EA Canada,EA Sports,Unreleased
NCAA March Madness 2004,EA Sports,EA Sports,Unreleased
NCAA March Madness 2005,EA Canada,EA Sports,Unreleased
Need for Speed: Carbon,EA Canada,Electronic Arts,"02006-11-10 November 10, 2006"
Need for Speed: Hot Pursuit 2,EA Seattle,EA Games,"02002-10-25 October 25, 2002"
Need for Speed: Most Wanted,Template:Hlist,Electronic Arts,"02005-11-25 November 25, 2005"
Need for Speed: Underground,EA Black Box,EA Games,"02003-11-21 November 21, 2003"
Need for Speed: Underground 2,EA Black Box,EA Games,"02004-11-19 November 19, 2004"
Neighbours from Hell,JoWooD Vienna,JoWooD Productions,"02005-03-04 March 04, 2005"
New Legends,Infinite Machine,THQ,"02002-05-17 May 17, 2002"
NFL 2K2,Visual Concepts,Sega,Unreleased
NFL 2K3,Visual Concepts,Sega,"02002-12-20 December 20, 2002"
NFL Blitz 20-02,"Point of View, Inc.",Midway Games,Unreleased
NFL Blitz 2003,"Point of View, Inc.",Midway Games,Unreleased
NFL Blitz Pro,Midway Games,Midway Games,Unreleased
NFL Fever 2002,Microsoft Game Studios,Microsoft Game Studios,Unreleased
NFL Fever 2003,Microsoft Game Studios,Microsoft Game Studios,"02002-11-01 November 01, 2002"
NFL Fever 2004,Microsoft Game Studios,Microsoft Game Studios,"02003-10-23 October 23, 2003"
NFL Head Coach,EA Tiburon,EA Sports,Unreleased
NFL Street,EA Tiburon,EA Sports BIG,"02004-01-30 January 30, 2004"
NFL Street 2,EA Tiburon,EA Sports BIG,"02005-01-28 January 28, 2005"
NHL 06,EA Canada,EA Sports,"02005-09-23 September 23, 2005"
NHL 07,EA Montreal,EA Sports,"02006-09-22 September 22, 2006"
NHL 2002,EA Canada,EA Sports,"02002-03-14 March 14, 2002"
NHL 2003,EA Canada,EA Sports,"02002-10-25 October 25, 2002"
NHL 2004,EA Black Box,EA Sports,"02003-10-03 October 03, 2003"
NHL 2005,EA Black Box,EA Sports,"02004-09-24 September 24, 2004"
NHL 2K3,Treyarch,Sega,"02003-03-28 March 28, 2003"
NHL 2K6,Kush Games,2K Sports,"02006-03-10 March 10, 2006"
NHL 2K7,"Kush Games , Visual Concepts",2K Sports,"02006-10-06 October 06, 2006"
NHL Hitz 20-02,Black Box Games,Midway Games,"02002-03-14 March 14, 2002"
NHL Hitz 20-03,Midway Games,Midway Games,"02002-11-01 November 01, 2002"
NHL Hitz Pro,Next Level Games,Midway Games,"02003-11-14 November 14, 2003"
NHL Rivals 2004,Microsoft Game Studios,Microsoft Game Studios,"02003-12-27 December 27, 2003"
Nickelodeon Party Blast,Data Design Interactive,Infogrames,"02002-12-06 December 06, 2002"
NightCaster: Defeat the Darkness,VR-1,Microsoft Game Studios,"02002-05-28 May 28, 2002"
NightCaster II: Equinox,Jaleco,Jaleco,"02003-06-06 June 06, 2003"
Ninja Gaiden,Team Ninja,Tecmo,"02004-05-14 May 14, 2004"
Ninja Gaiden Black,Team Ninja,Microsoft Game Studios,"02005-10-21 October 21, 2005"
Nobunaga no Yabou: Ranseiki,Koei,Koei,Unreleased
ObsCure,Hydravision Entertainment,DreamCatcher Interactive,"02004-10-01 October 01, 2004"
Oddworld: Munch's Oddysee,Oddworld Inhabitants,Infogrames,"02002-03-14 March 14, 2002"
Oddworld: Stranger's Wrath,Oddworld Inhabitants,EA Games,"02005-03-03 March 03, 2005"
Open Season,Ubisoft,Ubisoft,"02006-10-06 October 06, 2006"
Operation Flashpoint: Elite,Bohemia Interactive,Codemasters,"02005-10-28 October 28, 2005"
Template:Sort,FromSoftware,Sega,"02003-09-05 September 05, 2003"
Template:Sort,FromSoftware,Sega,"02004-02-11 February 11, 2004"
Outlaw Golf,Hypnotix,Simon & Schuster,"02002-11-29 November 29, 2002"
Outlaw Golf 2,Hypnotix,Global Star Software,"02005-01-28 January 28, 2005"
Outlaw Golf: 9 More Holes of X-Mas,Hypnotix,Simon & Schuster,Unreleased
Outlaw Golf: Holiday Golf (9 Holes of X-Mas),Simon & Schuster,Simon & Schuster,Unreleased
Outlaw Tennis,Hypnotix,Global Star Software,"02005-07-29 July 29, 2005"
Outlaw Volleyball,Hypnotix,Simon & Schuster,"02003-11-07 November 07, 2003"
Outlaw Volleyball: Red Hot,Hypnotix,Simon & Schuster,Unreleased
OutRun 2,Sumo Digital,Microsoft Game Studios,"02004-10-01 October 01, 2004"
OutRun 2006: Coast 2 Coast,Sumo Digital,Sega,"02006-03-31 March 31, 2006"
Over the Hedge,Edge of Reality,Activision,"02006-06-23 June 23, 2006"
Pac-Man World 2,Namco,Namco,"02002-10-15 October 15, 2002"
Pac-Man World 3,Blitz Games,Namco Electronic Arts,"02006-05-05 May 05, 2006"
Painkiller: Hell Wars,People Can Fly,DreamCatcher Interactive,"02006-07-07 July 07, 2006"
Panzer Dragoon Orta,Smilebit,Sega,"02003-04-21 April 21, 2003"
Panzer Elite Action: Fields of Glory,ZootFly,JoWooD Productions,"02006-06-02 June 02, 2006"
Pariah,Digital Extremes,Groove Games,"02005-05-06 May 06, 2005"
Peter Jackson's King Kong,Ubisoft Montpellier,Ubisoft,"02005-11-17 November 17, 2005"
Petit Copter,Aqua Systems,Aqua Systems,Unreleased
Phantasy Star Online Episode I & II,Sonic Team,Sega,"02003-05-23 May 23, 2003"
Phantom Crash,Genki,Phantagram,"02002-11-22 November 22, 2002"
Phantom Dust,Microsoft Game Studios,"Majesco Entertainment , Microsoft Game Studios",Unreleased
Pilot Down: Behind Enemy Lines,Wide Games,Microids,"02005-09-09 September 09, 2005"
Pinball Hall of Fame,FarSight Studios,Crave Entertainment,Unreleased
Pirates of the Caribbean,Akella,Bethesda Softworks,"02003-09-05 September 05, 2003"
Pirates: The Legend of Black Kat,Westwood Studios,Electronic Arts,"02002-04-19 April 19, 2002"
Pitfall: The Lost Expedition,Edge of Reality,Activision,"02004-02-20 February 20, 2004"
Playboy: The Mansion,Cyberlore Studios,"Arush Entertainment , Groove Games","02005-03-04 March 04, 2005"
Plus Plumb 2,Takuyo,Takuyo,Unreleased
PocketBike Racer,Blitz Games,King Games,Unreleased
Pool Shark 2,Blade Interactive,Zoo Digital Publishing,"02004-11-19 November 19, 2004"
Powerdrome,Argonaut Games,Mud Duck Productions,"02004-10-29 October 29, 2004"
Predator: Concrete Jungle,Eurocom,Vivendi Universal Games,"02005-04-15 April 15, 2005"
Prince of Persia: The Sands of Time,Ubisoft Montreal,Ubisoft,"02004-02-20 February 20, 2004"
Prince of Persia: The Two Thrones,"Ubisoft Montreal , Ubisoft Casablanca",Ubisoft,"02005-12-09 December 09, 2005"
Prince of Persia: Warrior Within,Ubisoft Montreal,Ubisoft,"02004-12-03 December 03, 2004"
Prisoner of War,Wide Games,Codemasters,"02002-07-19 July 19, 2002"
Pro Cast Sports Fishing,Capcom,Capcom,"02003-09-26 September 26, 2003"
Pro Fishing Challenge,Opus Company,Atlus,Unreleased
Pro Race Driver TOCA Race Driver (PAL) V8 Supercars Australia - Race Driver (Australia),Codemasters,Codemasters,"02003-03-28 March 28, 2003"
Project Gotham Racing,Bizarre Creations,Microsoft Game Studios,"02002-03-14 March 14, 2002"
Project Gotham Racing 2,Bizarre Creations,Microsoft Game Studios,"02003-11-28 November 28, 2003"
Project Snowblind,Crystal Dynamics,Eidos Interactive,"02005-03-11 March 11, 2005"
ProStroke Golf: World Tour 2007,Gusto Games,Oxygen Interactive,"02006-08-18 August 18, 2006"
Psi-Ops: The Mindgate Conspiracy,Midway Games,Midway Games,"02004-10-01 October 01, 2004"
Psychonauts,Double Fine Productions,Majesco Entertainment,"02006-02-10 February 10, 2006"
Psyvariar 2,SKONEC Entertainment,Success Corporation,Unreleased
Pulse Racer,Jaleco,Jaleco,Unreleased
Pump It Up: Exceed,Andamiro,Mastiff,Unreleased
Template:Sort,Volition,THQ,"02005-03-04 March 04, 2005"
Pure Pinball,Iridon,XS Games,Unreleased
Puyo Pop: Fever,Sonic Team,Sega,"02004-02-27 February 27, 2004"
Quantum Redshift,Curly Monsters,Microsoft Game Studios,"02002-10-04 October 04, 2002"
R: Racing Evolution,Namco,Namco,"02004-04-02 April 02, 2004"
RalliSport Challenge,Digital Illusions CE,Microsoft Game Studios,"02002-03-14 March 14, 2002"
RalliSport Challenge 2,Digital Illusions CE,Microsoft Game Studios,"02004-05-21 May 21, 2004"
Rally Fusion: Race of Champions,Climax Studios,Activision,"02002-11-22 November 22, 2002"
Rapala Pro Fishing,Fun Labs,Activision,"02005-08-04 August 04, 2005"
Ratatouille,Asobo Studio,THQ,Unreleased
Rayman 3: Hoodlum Havoc,Ubisoft Montpellier,Ubi Soft,"02003-03-14 March 14, 2003"
Rayman Arena,Ubi Soft,Ubi Soft,Unreleased
Raze's Hell,Artech Studios,Majesco Entertainment,"02006-02-17 February 17, 2006"
Real World Golf,In2Games,Mad Katz,Unreleased
Red Dead Revolver,Rockstar San Diego,Rockstar Games,"02004-06-11 June 11, 2004"
Red Faction II,Volition,THQ,"02003-06-06 June 06, 2003"
Red Ninja: End of Honor,Tranji Studios,Vivendi Universal Games,"02005-04-01 April 01, 2005"
RedCard 20-03,Point of View,Midway Games,"02002-07-12 July 12, 2002"
Reign of Fire,Kuju Entertainment,BAM! Entertainment,"02002-11-15 November 15, 2002"
Rent-A-Hero No. 1,Sega,AIA Games,Unreleased
Reservoir Dogs,Volatile Games,Eidos Interactive,"02006-08-25 August 25, 2006"
Return to Castle Wolfenstein: Tides of War,Gray Matter Studios,Activision,"02003-05-15 May 15, 2003"
Richard Burns Rally,Warthog Games,SCi,"02004-07-09 July 09, 2004"
Template:Sort,Digital Mayhem,Interplay Entertainment,"02004-06-18 June 18, 2004"
RoadKill,Midway Games,Midway Games,"02003-11-28 November 28, 2003"
Robin Hood: Defender of the Crown,Cinemaware,"Zoo Digital Group, Capcom","02003-11-28 November 28, 2003"
RoboCop,Titus Interactive Studio,Titus Interactive,"02003-12-12 December 12, 2003"
Robot Wars: Extreme Destruction,Climax Studios,Gamezlab,"02002-11-22 November 22, 2002"
Robotech: Battlecry,Vicious Cycle Software,TDK Mediactive,"02002-10-25 October 25, 2002"
Robotech: Invasion,Vicious Cycle Software,Global Star Software,"02004-08-17 August 17, 2004"
Robots,Eurocom,Vivendi Universal Games,"02005-03-11 March 11, 2005"
Rocky,Rage Software,Ubi Soft,"02002-10-18 October 18, 2002"
Rocky: Legends,Venom Games,Ubisoft,"02004-10-01 October 01, 2004"
Rogue Ops,Bits Studios,Kemco,"02004-02-06 February 06, 2004"
Rogue Trooper,Rebellion Developments,Eidos Interactive,"02006-04-21 April 21, 2006"
RollerCoaster Tycoon,Frontier Developments,Infogrames,"02003-03-25 March 25, 2003"
Rolling,Rage Software,Rage Software,"02003-10-24 October 24, 2003"
Room Zoom,Blade Interactive,Jaleco,"02004-07-14 July 14, 2004"
Rugby 06,"EA Canada , HB Studios",EA Sports,"02006-02-16 February 16, 2006"
Rugby 2005,EA Canada,EA Sports,"02005-03-18 March 18, 2005"
Rugby Challenge 2006,Swordfish Studios,"Hip Interactive, Ubisoft","02006-02-03 February 03, 2006"
Rugby League,Sidhe Interactive,"Home Entertainment Suppliers , Tru Blu Entertainment","02003-12-19 December 19, 2003"
Rugby League 2,Sidhe Interactive,Home Entertainment Suppliers,"02006-07-21 July 21, 2006"
Samurai Shodown V,SNK Playmore,SNK Playmore,"02006-05-26 May 26, 2006"
Samurai Warriors,Omega Force,Koei,"02004-09-24 September 24, 2004"
Scaler,A2M,[[NA| Take-Two Interactive ]] PAL,"02004-11-26 November 26, 2004"
Scarface: The World Is Yours,Radical Entertainment,Vivendi Games,"02006-10-13 October 13, 2006"
Scooby-Doo! Mystery Mayhem,A2M,THQ,"02004-03-26 March 26, 2004"
Scooby-Doo! Night of 100 Frights,Heavy Iron Studios,THQ,Unreleased
Scooby-Doo! Unmasked,A2M,THQ,"02005-09-16 September 16, 2005"
American McGee Presents: Scrapland,Mercury Steam Entertainment,Enlight,"02005-03-18 March 18, 2005"
SeaBlade,Simon & Schuster,Simon & Schuster,"02003-04-07 April 07, 2003"
SeaWorld: Shamu's Deep Sea Adventures,Activision,Activision,"02006-03-17 March 17, 2006"
Second Sight,Free Radical Design,Codemasters,"02004-09-21 September 21, 2004"
Secret Weapons Over Normandy,Totally Games,LucasArts,"02003-11-28 November 28, 2003"
Sega GT 2002,Wow Entertainment,Sega,"02002-11-08 November 08, 2002"
Sega GT Online,Wow Entertainment,Sega,"02004-02-06 February 06, 2004"
Sega Soccer Slam,Black Box Games,Sega,"02002-10-11 October 11, 2002"
Sensible Soccer 2006,Kuju Entertainment,Codemasters,"02006-06-09 June 09, 2006"
Sentou Yousei Yukikaze: Yousei no Mau Sora,Aquasystem,Aquasystem,Unreleased
Serious Sam,Croteam,Gathering of Developers,"02002-12-06 December 06, 2002"
Serious Sam II,Croteam,2K Games,"02005-10-14 October 14, 2005"
Shadow of Memories,Konami,Konami,"02002-11-08 November 08, 2002"
Shadow Ops: Red Mercury,Zombie Studios,Atari,"02004-06-18 June 18, 2004"
Shadow the Hedgehog,Sega Studios USA,Sega,"02005-11-18 November 18, 2005"
Shark Tale,Edge of Reality,Activision,"02004-10-01 October 01, 2004"
Shattered Union,PopTop Software,2K Games,"02005-10-21 October 21, 2005"
Shellshock: Nam '67,Guerrilla Games,Eidos Interactive,"02004-09-03 September 03, 2004"
Shenmue II,Sega AM2,Microsoft Game Studios,"02003-03-21 March 21, 2003"
Shikigami no Shiro,Alfa System,MediaQuest,Unreleased
Shikigami no Shiro Evolution,Alfa System,MediaQuest,Unreleased
Shikigami no Shiro II,Alfa System,MediaQuest,Unreleased
Shinchou Mahjong (Nobunaga Mahjong),Success,E-Frontier,Unreleased
Shin Megami Tensei: Nine,Next Entertainment,Atlus,Unreleased
Showdown: Legends of Wrestling,Acclaim Studios Austin,Acclaim Entertainment,"02004-07-02 July 02, 2004"
Shrek,Digital Illusions CE,TDK Mediactive,"02002-03-27 March 27, 2002"
Shrek 2,Luxoflux,Activision,"02004-06-18 June 18, 2004"
Shrek Super Party,Mass Media,TDK Mediactive,"02002-11-29 November 29, 2002"
Shrek SuperSlam,Shaba Games,Activision,"02005-11-18 November 18, 2005"
Sid Meier's Pirates!,Firaxis Games,2K Games,"02005-07-11 July 11, 2005"
Silent Hill 2,Konami,Konami,"02002-10-14 October 14, 2002"
Silent Hill 4: The Room,Konami,Konami,"02004-09-17 September 17, 2004"
Silent Scope Complete,Konami,Konami,"02004-03-19 March 19, 2004"
Template:Sort,Radical Entertainment,Vivendi Universal Games,"02003-10-31 October 31, 2003"
Template:Sort,Radical Entertainment,Electronic Arts,"02002-03-22 March 22, 2002"
Template:Sort,Edge of Reality,EA Games,"02003-04-04 April 04, 2003"
Template:Sort,Maxis,Electronic Arts,"02005-11-04 November 04, 2005"
Template:Sort,Maxis,EA Games,"02003-12-19 December 19, 2003"
Ski Racing 2005,ColdWood Interactive,JoWooD Productions,"02005-03-24 March 24, 2005"
Ski Racing 2006,ColdWood Interactive,JoWooD Productions Deep Silver,"02005-11-25 November 25, 2005"
Slam Tennis,Infogrames Sheffield House,Infogrames,"02002-08-23 August 23, 2002"
Smashing Drive,Point of View,Namco,Unreleased
Sneak King,Blitz Games,King Games,Unreleased
Sneakers Nezmix (JP),Media.Vision,Microsoft Game Studios,"02002-10-22 October 22, 2002"
Sniper Elite,Rebellion Developments,Namco,"02005-05-30 May 30, 2005"
Soldier of Fortune II: Double Helix,Gratuitous Games,Activision,"02003-06-27 June 27, 2003"
Sonic Heroes,Sonic Team USA,Sega,"02004-02-06 February 06, 2004"
Sonic Mega Collection Plus,Sonic Team,Sega,"02005-02-04 February 04, 2005"
Sonic Riders,"Sonic Team , Now Production",Sega,"02006-03-17 March 17, 2006"
Soulcalibur II,Namco,Namco,"02003-09-26 September 26, 2003"
Spartan: Total Warrior,Creative Assembly,Sega,"02005-10-07 October 07, 2005"
Spawn: Armageddon,Point of View,Namco,"02004-03-12 March 12, 2004"
Special Forces: Nemesis Strike Counter Terrorist Special Forces: Fire for Effect (EUR),Asobo Studio,Hip Games,"02005-04-01 April 01, 2005"
Speed Kings,Climax Group,Acclaim Entertainment,"02003-06-03 June 03, 2003"
Sphinx and the Cursed Mummy,Eurocom,THQ,"02004-02-20 February 20, 2004"
Spider-Man,Treyarch,Activision,"02002-06-07 June 07, 2002"
Spider-Man 2,Treyarch,Activision,"02004-07-09 July 09, 2004"
Spikeout: Battle Street,Dimps,Sega,"02005-04-22 April 22, 2005"
Splashdown,Rainbow Studios,Infogrames,"02002-08-30 August 30, 2002"
Splat Magazine Renegade Paintball,Cat Daddy Games,Take-Two Interactive,"02006-04-07 April 07, 2006"
SpongeBob SquarePants: Battle for Bikini Bottom,Heavy Iron Studios,THQ,"02003-11-10 November 10, 2003"
"SpongeBob SquarePants: Lights, Camera, Pants!",THQ Studio Australia,THQ,"02005-10-21 October 21, 2005"
Template:Sort,Heavy Iron Studios,THQ,"02005-02-18 February 18, 2005"
SpyHunter,Paradigm Entertainment,Midway Games,"02002-06-28 June 28, 2002"
Spy Hunter 2,Angel Studios,Midway Games,"02004-03-05 March 05, 2004"
Spy Hunter: Nowhere to Run,Terminal Reality,Midway Games,"02006-09-08 September 08, 2006"
Spy vs. Spy,Vicious Cycle Software,Global Star Software,"02005-04-29 April 29, 2005"
Spyro: A Hero's Tail,Eurocom,Vivendi Universal Games,"02004-11-12 November 12, 2004"
SSX 3,EA Canada,EA Sports BIG,"02003-10-31 October 31, 2003"
SSX On Tour,EA Canada,EA Sports BIG,"02005-10-21 October 21, 2005"
SSX Tricky,EA Canada,EA Sports BIG,"02002-06-14 June 14, 2002"
Stacked with Daniel Negreanu,5000Â ft,Myelin Media,Unreleased
Stake: Fortune Fighters,Gameness Art,"Metro3D, Inc.","02003-06-06 June 06, 2003"
Star Trek: Shattered Universe,Starsphere,TDK Mediactive,"02004-04-17 April 17, 2004"
Star Wars Jedi Knight: Jedi Academy,Vicarious Visions,LucasArts,"02003-11-21 November 21, 2003"
Star Wars Jedi Knight II: Jedi Outcast,Vicarious Visions,LucasArts,"02002-11-22 November 22, 2002"
Star Wars: Battlefront,Pandemic Studios,LucasArts,"02004-09-24 September 24, 2004"
Star Wars: Battlefront II,Pandemic Studios,LucasArts,"02005-10-31 October 31, 2005"
Star Wars: Episode III â Revenge of the Sith,The Collective,LucasArts,"02005-05-06 May 06, 2005"
Star Wars: Jedi Starfighter,LucasArts,LucasArts,"02002-05-31 May 31, 2002"
Star Wars: Knights of the Old Republic,BioWare,LucasArts,"02003-09-12 September 12, 2003"
Star Wars Knights of the Old Republic II: The Sith Lords,Obsidian Entertainment,LucasArts,"02005-02-11 February 11, 2005"
Star Wars: Obi-Wan,LucasArts,LucasArts,"02002-03-29 March 29, 2002"
Star Wars: Republic Commando,LucasArts,LucasArts,"02005-03-04 March 04, 2005"
Star Wars: Starfighter Special Edition,LucasArts,LucasArts,Unreleased
Star Wars: The Clone Wars,Pandemic Studios,LucasArts,"02003-05-09 May 09, 2003"
Starsky & Hutch,Mind's Eye Productions,Empire Interactive,"02003-06-20 June 20, 2003"
State of Emergency,VIS Entertainment,Rockstar Games,"02003-04-04 April 04, 2003"
Steel Battalion,"Capcom , Nude Maker","Capcom , Microsoft Game Studios","02003-03-28 March 28, 2003"
Steel Battalion: Line of Contact,"Capcom , Nude Maker",Capcom,"02004-03-26 March 26, 2004"
Still Life,MicroÃ¯ds,The Adventure Company,"02005-06-03 June 03, 2005"
Stolen,Blue 52,Hip Interactive,"02005-04-01 April 01, 2005"
Street Fighter Anniversary Collection,Capcom,Capcom,"02004-10-29 October 29, 2004"
Street Hoops,Black Ops Entertainment,Activision,"02002-10-04 October 04, 2002"
Street Racing Syndicate,Eutechnyx,Namco,"02005-05-06 May 06, 2005"
Strike Force Bowling,LAB Rats Games,Crave Entertainment,Unreleased
Stubbs the Zombie in Rebel Without a Pulse,Wideload,Aspyr,"02006-02-10 February 10, 2006"
Sudeki,Climax,Microsoft Game Studios,"02004-08-24 August 24, 2004"
Template:Sort,Surreal Software,Midway Games,"02004-05-14 May 14, 2004"
Template:Sort,Surreal Software,Midway Games,"02005-10-28 October 28, 2005"
Super Bubble Pop,Zombie Studios,Jaleco,"02003-03-15 March 15, 2003"
Super Monkey Ball Deluxe,Sega,Sega,"02005-08-26 August 26, 2005"
Superman Returns,EA Tiburon,EA Games,"02006-11-24 November 24, 2006"
Superman: The Man of Steel,Circus Freak,Infogrames,"02002-12-13 December 13, 2002"
SVC Chaos: SNK vs. Capcom,Playmore,Playmore,"02005-03-18 March 18, 2005"
SWAT: Global Strike Team,Argonaut Games,Vivendi Universal Games,"02003-12-05 December 05, 2003"
SX Superstar,Climax Studios,AKA Acclaim,"02003-07-04 July 04, 2003"
Syberia,MicroÃ¯ds,XS Games,"02003-06-06 June 06, 2003"
Syberia II,MicroÃ¯ds,XS Games,"02004-11-26 November 26, 2004"
Taito Legends,Taito,"Empire Interactive , Sega","02005-10-14 October 14, 2005"
Taito Legends 2,Taito,Empire Interactive,"02006-03-31 March 31, 2006"
Tak: The Great Juju Challenge,Avalanche Software,THQ,"02006-03-03 March 03, 2006"
Tak 2: The Staff of Dreams,Avalanche Software,THQ,"02005-03-24 March 24, 2005"
Takahashi Junko no Mahjong Seminar,Success,Success,Unreleased
Tao Feng: Fist of the Lotus,Studio Gigante,Microsoft Game Studios,"02003-05-09 May 09, 2003"
Taz: Wanted,Blitz Games,Infogrames,"02002-09-27 September 27, 2002"
Tecmo Classic Arcade,Tecmo,Tecmo,"02005-10-21 October 21, 2005"
Teen Titans,Artificial Mind and Movement,"THQ , Majesco Entertainment",Unreleased
Teenage Mutant Ninja Turtles,Konami,Konami,"02004-04-16 April 16, 2004"
Teenage Mutant Ninja Turtles: Mutant Melee,KCE Hawaii,Konami,Unreleased
Teenage Mutant Ninja Turtles 2: Battle Nexus,Konami,Konami,"02005-03-11 March 11, 2005"
Teenage Mutant Ninja Turtles 3: Mutant Nightmare,Konami,Konami,"02006-04-14 April 14, 2006"
Tenchu: Return from Darkness,K2 LLC,"Activision , FromSoftware (JP)","02004-03-19 March 19, 2004"
Tenerezza,Aqua Plus,Aqua Plus,Unreleased
Tennis Masters Series 2003,Microids,Hip Games,"02002-11-30 November 30, 2002"
Template:Sort,Paradigm Entertainment,Infogrames,"02002-10-25 October 25, 2002"
Terminator 3: Rise of the Machines,Black Ops Entertainment,Atari,"02002-11-28 November 28, 2002"
Terminator 3: The Redemption,Paradigm Entertainment,Atari,"02004-09-24 September 24, 2004"
Test Drive,Pitbull Syndicate,Infogrames,"02002-07-05 July 05, 2002"
Test Drive: Eve of Destruction,Monster Games,Atari,Unreleased
Test Drive: Off-Road Wide Open,Angel Studios,Infogrames,"02002-05-24 May 24, 2002"
Tetris Worlds,Radical Entertainment,THQ,"02002-09-20 September 20, 2002"
Tetris Worlds (Online Edition),Radical Entertainment,THQ,"02003-10-03 October 03, 2003"
Thief: Deadly Shadows,Ion Storm,Eidos Interactive,"02004-06-11 June 11, 2004"
Template:Sort,Computer Artworks,Vivendi Universal Games,"02002-09-20 September 20, 2002"
Thousand Land,FromSoftware,FromSoftware,Unreleased
Thrillville,Frontier Developments,LucasArts,Unreleased
Tiger Woods PGA Tour 2003,EA Redwood Shores,EA Sports,"02002-11-22 November 22, 2002"
Tiger Woods PGA Tour 2004,EA Redwood Shores,EA Sports,"02003-09-26 September 26, 2003"
Tiger Woods PGA Tour 2005,EA Redwood Shores,EA Sports,"02004-09-24 September 24, 2004"
Template:Sort,"EA Redwood Shores , Hypnos Entertainment",EA Sports,"02005-10-07 October 07, 2005"
Template:Sort,EA Redwood Shores,EA Sports,"02006-09-22 September 22, 2006"
Tim Burton's The Nightmare Before Christmas: Oogie's Revenge,Capcom,Buena Vista Games Capcom (EU),"02005-09-30 September 30, 2005"
TimeSplitters 2,Free Radical Design,Eidos Interactive,"02002-10-18 October 18, 2002"
TimeSplitters: Future Perfect,Free Radical Design,EA Games,"02005-03-24 March 24, 2005"
TOCA Race Driver 2: The Ultimate Racing Simulator V8 Supercars Australia 2 (Australia),Codemasters,Codemasters,"02004-04-23 April 23, 2004"
TOCA Race Driver 3,Codemasters,Codemasters,"02006-02-24 February 24, 2006"
ToeJam & Earl III: Mission to Earth,ToeJam & Earl Productions,Sega,"02003-03-07 March 07, 2003"
Tom and Jerry in War of the Whiskers,VIS Entertainment,NewKidCo,Unreleased
Tom Clancy's Ghost Recon,Red Storm Entertainment,Ubi Soft,"02002-12-06 December 06, 2002"
Tom Clancy's Ghost Recon 2,Red Storm Entertainment,Ubisoft,"02004-11-26 November 26, 2004"
Tom Clancy's Ghost Recon 2: Summit Strike,Red Storm Entertainment,Ubisoft,"02005-08-26 August 26, 2005"
Tom Clancy's Ghost Recon: Advanced Warfighter,Ubisoft,Ubisoft,"02006-03-17 March 17, 2006"
Tom Clancy's Ghost Recon: Island Thunder,Red Storm Entertainment,Ubisoft,"02003-09-05 September 05, 2003"
Tom Clancy's Rainbow Six 3,Ubisoft,Ubisoft,"02003-11-07 November 07, 2003"
Tom Clancy's Rainbow Six 3: Black Arrow,Ubisoft,Ubisoft,"02004-08-20 August 20, 2004"
Tom Clancy's Rainbow Six: Critical Hour,"Ubisoft Quebec , Red Storm Entertainment",Ubisoft,Unreleased
Tom Clancy's Rainbow Six: Lockdown,Red Storm Entertainment,Ubisoft,"02005-09-09 September 09, 2005"
Tom Clancy's Splinter Cell,Ubi Soft Montreal,Ubi Soft,"02002-11-29 November 29, 2002"
Tom Clancy's Splinter Cell: Chaos Theory,"Ubisoft Montreal , Ubisoft Annecy",Ubisoft,"02005-04-01 April 01, 2005"
Tom Clancy's Splinter Cell: Double Agent,Ubisoft,Ubisoft,"02006-10-26 October 26, 2006"
Tom Clancy's Splinter Cell: Pandora Tomorrow,Ubisoft,Ubisoft,"02004-03-26 March 26, 2004"
Tomb Raider: Legend,Crystal Dynamics,Eidos Interactive,"02006-04-07 April 07, 2006"
Tony Hawk's American Wasteland,Neversoft,Activision,"02005-10-28 October 28, 2005"
Tony Hawk's Pro Skater 2x,Neversoft,Activision,Unreleased
Tony Hawk's Pro Skater 3,Neversoft,Activision,"02002-03-14 March 14, 2002"
Tony Hawk's Pro Skater 4,Neversoft,Activision,"02002-11-15 November 15, 2002"
Tony Hawk's Project 8,Shaba Games,Activision,"02006-11-17 November 17, 2006"
Tony Hawk's Underground,Neversoft,Activision,"02003-11-12 November 12, 2003"
Tony Hawk's Underground 2,Neversoft,Activision,"02004-10-08 October 08, 2004"
Top Gear RPM Tuning RPM Tuning (EUR),Babylon Software,MC2 France,"02005-06-03 June 3, 2005"
Top Spin,PAM Development,Microsoft Game Studios,"02003-11-07 November 07, 2003"
Torino 2006,49 Games,2K Games,"02006-01-27 January 27, 2006"
Tork: Prehistoric Punk,Tiwak,Ubisoft,Unreleased
Total Club Manager 2004,"EA Canada , Budcat Creations",EA Sports,"02003-12-05 December 05, 2003"
Total Club Manager 2005,"EA Canada , Budcat Creations",EA Sports,"02004-10-29 October 29, 2004"
Total Immersion Racing,Razorworks,Empire Interactive,"02002-11-01 November 01, 2002"
Total Overdose: A Gunslinger's Tale in Mexico,Deadline Games,Eidos Interactive,"02005-09-16 September 16, 2005"
Totaled! Crash (PAL),Rage Software,Majesco Entertainment,"02002-06-07 June 07, 2002"
Touge R,"Cave , Nextech",Atlus,Unreleased
Tour de France,Konami,Konami,"02002-07-26 July 26, 2002"
Toxic Grind,Blue Shift,THQ,"02002-11-08 November 08, 2002"
TransWorld Snowboarding,Housemarque,Infogrames,"02002-11-15 November 15, 2002"
Transworld Surf,Angel Studios,Infogrames,"02002-03-14 March 14, 2002"
Triangle Again,"Kiki Co., Production I.G.",Kiki Co.,Unreleased
Triangle Again 2,Kiki Co.,Kiki Co.,Unreleased
Trigger Man,Point of View,Crave Entertainment,Unreleased
Triple Play 2002,Pandemic Studios,EA Sports,Unreleased
Trivial Pursuit Unhinged,Artech Studios,Atari,Unreleased
Tron 2.0 Killer App,Climax Group,Buena Vista Interactive,"02004-11-26 November 26, 2004"
True Crime: New York City,Luxoflux,Activision,"02005-11-25 November 25, 2005"
True Crime: Streets of LA,Luxoflux,Activision,"02005-11-07 November 07, 2005"
Turok: Evolution,Acclaim Studios Austin,Acclaim Entertainment,"02002-09-06 September 06, 2002"
Ty the Tasmanian Tiger,Krome Studios,EA Games,"02002-11-22 November 22, 2002"
Ty the Tasmanian Tiger 2: Bush Rescue,Krome Studios,EA Games,"02004-11-05 November 05, 2004"
Ty the Tasmanian Tiger 3: Night of the Quinkan,Krome Studios,Activision Value,"02006-02-03 February 03, 2006"
UEFA Champions League 2004-2005,EA Sports,EA Sports,"02005-02-04 February 04, 2005"
UEFA Euro 2004,EA Canada,EA Sports,"02004-05-07 May 07, 2004"
UFC: Tapout,DreamFactory,Crave Entertainment,"02002-09-20 September 20, 2002"
UFC: Tapout 2,DreamFactory,TDK Mediactive,Unreleased
Ultimate Beach Soccer Pro Beach Soccer (PAL),PAM Development,Wanadoo Edition DreamCatcher Interactive,"02003-11-10 November 10, 2003"
Ultimate Pro Pinball,Atomic Planet Entertainment,Empire Interactive,"02005-07-15 July 15, 2005"
Ultimate Spider-Man,Treyarch,Activision,"02005-10-14 October 14, 2005"
Ultra Bust-a-Move Ultra Puzzle Bobble (JP),Taito,Majesco Entertainment,"02006-05-19 May 19, 2006"
Umezawa Yukari no Igo Seminar,Success,Success,Unreleased
Unreal Championship,Digital Extremes,Infogrames,"02002-11-29 November 29, 2002"
Unreal Championship 2: The Liandri Conflict,Epic Games,Midway Games,"02005-04-22 April 22, 2005"
Unreal II: The Awakening,Tantalus Interactive,Atari,"02004-03-23 March 23, 2004"
Urban Chaos: Riot Response,Rocksteady Studios,Eidos Interactive,"02006-05-19 May 19, 2006"
Template:Sort,Maxis,EA Games,"02004-11-09 November 09, 2004"
V-Rally 3,Eden Studios,Infogrames,"02003-03-28 March 28, 2003"
Van Helsing,Saffire,Vivendi Universal Games,"02004-05-07 May 07, 2004"
Vexx,Acclaim Studios Austin,Acclaim Entertainment,"02003-04-04 April 04, 2003"
Vietcong: Purple Haze,Coyote,Gathering,"02004-09-18 September 18, 2004"
Virtual Pool: Tournament Edition,Celeris,Global Star Software,"02005-06-08 June 08, 2005"
Volvo: Drive For Life,Climax Group,Microsoft Game Studios,Unreleased
Voodoo Vince,Beep Industries,Microsoft Game Studios,"02003-10-17 October 17, 2003"
Wakeboarding Unleashed,Shaba Games,Activision,"02003-06-13 June 13, 2003"
Wallace & Gromit in Project Zoo,Frontier Developments,BAM! Entertainment,"02003-10-03 October 03, 2003"
Wallace & Gromit: The Curse of the Were-Rabbit,Frontier Developments,Konami,"02005-10-14 October 14, 2005"
Warpath,Digital Extremes,Groove Games,Unreleased
Template:Sort,Rockstar Toronto,Rockstar Games,"02005-10-24 October 24, 2005"
Whacked!,Presto Studios,Microsoft Game Studios,"02002-11-29 November 29, 2002"
Whiplash,Crystal Dynamics,Eidos Interactive,"02004-02-11 February 11, 2004"
Whiteout,Konami,Konami,Unreleased
The Wild Rings,Microsoft Game Studios,Microsoft Game Studios,Unreleased
WinBack 2: Project Poseidon,Cavia Inc.,Koei,"02006-06-15 June 15, 2006"
Wings of War,Silver Wish Games,Gathering,"02004-07-31 July 31, 2004"
Without Warning,CiRCLE,Capcom,"02005-10-28 October 28, 2005"
World Championship Poker,Crave Entertainment,Crave Entertainment,Unreleased
World Championship Poker 2: Featuring Howard Lederer,Crave Entertainment,Crave Entertainment,"02006-04-28 April 28, 2006"
World Championship Pool 2004,Blade Interactive,Jaleco Entertainment,"02004-06-25 June 25, 2004"
World Championship Rugby,Swordfish Studios,Acclaim Entertainment,"02004-04-08 April 08, 2004"
World Championship Snooker 2003,Blade Interactive,Codemasters,"02003-06-27 June 27, 2003"
World Championship Snooker 2004,Blade Interactive,Codemasters,"02004-06-25 June 25, 2004"
World Poker Tour,Coresoft,2K Sports,"02006-03-10 March 10, 2006"
World Racing,Synetic,TDK Mediactive,"02003-02-28 February 28, 2003"
World Racing 2,Synetic,Evolved Games,"02005-11-25 November 25, 2005"
World Series Baseball,Blueshift,Sega,Unreleased
World Series Baseball 2K3,Blueshift,Sega,Unreleased
World Series of Poker,Activision Value,Activision Value,"02006-02-24 February 24, 2006"
World Snooker Championship 2005,Blade Interactive,Sega,"02005-04-15 April 15, 2005"
World Soccer Winning Eleven 8 International Pro Evolution Soccer 4 (PAL),KCET,Konami,"02004-11-26 November 26, 2004"
World Soccer Winning Eleven 9 Pro Evolution Soccer 5 (PAL),KCET,Konami,"02006-10-02 October 02, 2006"
World War II Combat: Iwo Jima,Direct Action,Groove Games,Unreleased
World War II Combat: Road to Berlin,Direct Action,Groove Games,Unreleased
Worms 3D,Team17,Sega,"02003-10-31 October 31, 2003"
Worms 4: Mayhem,Team17,Codemasters & Majesco Entertainment,"02005-09-29 September 29, 2005"
Worms Forts: Under Siege,Team17,Sega,"02004-11-24 November 24, 2004"
Wrath Unleashed,The Collective,LucasArts,"02004-03-05 March 05, 2004"
Wreckless: The Yakuza Missions Double-STEAL (JP),Bunkasha Publishing,Activision,"02002-03-14 March 14, 2002"
WTA Tour Tennis Pro Tennis WTA Tour (PAL),Konami,Konami,"02002-09-13 September 13, 2002"
WWE Raw 2,Anchor,THQ,"02003-10-10 October 10, 2003"
WWE WrestleMania 21,Studio Gigante,THQ,"02005-05-27 May 27, 2005"
WWF RAW WWE RAW (PAL),Anchor,THQ,"02002-09-27 September 27, 2002"
X-Men Legends,Raven Software,Activision,"02004-10-22 October 22, 2004"
X-Men Legends II: Rise of Apocalypse,Raven Software,Activision,"02005-11-25 November 25, 2005"
X-Men: Next Dimension,Paradox Development,Activision,"02002-11-22 November 22, 2002"
X-Men: The Official Game,Z-Axis,Activision,"02006-05-19 May 19, 2006"
X2: Wolverine's Revenge,GenePool Software,Activision,"02003-04-17 April 17, 2003"
Xbox Music Mixer,WildTangent,Microsoft Game Studios,"02003-11-28 November 28, 2003"
XGRA: Extreme-G Racing Association,Acclaim Studios Cheltenham,Acclaim Entertainment,"02003-10-03 October 03, 2003"
Xiaolin Showdown,BottleRocket,Konami,"02007-06-29 June 29, 2007"
XIII,Ubisoft Paris,Ubisoft,"02003-11-28 November 28, 2003"
Xyanide,Playlogic,Playlogic,Unreleased
Yager,Yager Development,Kemco,"02003-05-23 May 23, 2003"
Yetisports Arctic Adventures,Pirate Games,JoWooD Productions,"02005-07-18 July 18, 2005"
Yonenaga Kunio no Shougi Seminar,Success,Success,Unreleased
Yourself!Fitness,Respondesign,Respondesign,Unreleased
Yu-Gi-Oh! The Dawn of Destiny,KCEJ,Konami,"02004-11-12 November 12, 2004"
Zapper: One Wicked Cricket,Blitz Games,Infogrames,"02003-03-14 March 14, 2003"
Zathura,High Voltage Software,2K Games,"02006-01-27 January 27, 2006"
ZillerNet,"Studio9, Taijin Media",Microsoft Game Studios,Unreleased
